90e55c,192.168.0.1,GET,http://localhost:10001/node,1677470310,90e55c,200
39dca2,192.168.0.1,GET,http://localhost:10001/node,1677470310,90e55c,200
c7cb6e,192.168.0.1,GET,http://localhost:10001/node,1677470310,90e55c,200
4bc45c,192.168.0.1,GET,http://localhost:10001/node,1677470310,90e55c,200
cc3ebb,192.168.0.1,GET,http://localhost:10001/node,1677470310,90e55c,200
86e0d5,192.168.0.1,GET,http://localhost:10001/node,1677470310,90e55c,200
60a3fc,192.168.0.1,GET,http://localhost:10001/node,1677470310,90e55c,200
c4cefb,192.168.0.1,GET,http://localhost:10001/node,1677470310,90e55c,200
784322,192.168.0.1,GET,http://localhost:10001/node,1677470310,90e55c,200
d1af45,192.168.0.1,GET,http://localhost:10001/node,1677470310,90e55c,200
425898,192.168.0.1,GET,http://localhost:10001/node,1677470310,90e55c,200
dfe6a2,192.168.0.1,GET,http://localhost:10001/node,1677470310,90e55c,200
7e4336,192.168.0.1,GET,http://localhost:10001/node,1677470310,90e55c,200
ed3dec,192.168.0.1,GET,http://localhost:10001/node,1677470310,90e55c,200
f1ae5d,192.168.0.1,GET,http://localhost:10001/node,1677470310,90e55c,200
d7ba26,192.168.0.1,GET,http://localhost:10001/node,1677470310,90e55c,200
9ba3b8,192.168.0.1,GET,http://localhost:10001/node,1677470310,90e55c,200
41b65d,192.168.0.1,GET,http://localhost:10001/rss.xml,1677470312,41b65d,200
